absolutoresidencial@gamil.com <absolutoresidencial@gamil.com>, "absolutoresidencial@gmail.com" <absolutoresidencial@gmail.com>, Adair Silva <Ivone.cavequia@gmail.com>, Ademir Faria <ademir.faria@gmail.com>, "adia.goncalves@cygnusimoveis.com.br" <adia.goncalves@cygnusimoveis.com.br>, "adm.palmbeach@gmail.com" <adm.palmbeach@gmail.com>, "Adm.personnalisee@gmail.com" <Adm.personnalisee@gmail.com>, "adm.realsplendor@gmail.com" <adm.realsplendor@gmail.com>, "adm.refinatto@gmail.com" <adm.refinatto@gmail.com>, "adm.smart@grupomobile.com.br" <adm.smart@grupomobile.com.br>, "adm.spetaculo@hotmail.com" <adm.spetaculo@hotmail.com>, "adm.viaclub@gmail.com" <adm.viaclub@gmail.com>, "adm@maisonesmeralda.com.br" <adm@maisonesmeralda.com.br>, "admillenium@hotmail.com" <admillenium@hotmail.com>, Administração Canto do Sabiá <sp.cantodosabia@markbuilding.com.br>, Administração Città Residence <adm.cittaresidence@gmail.com>, Administração do Condomínio <residencialmilenabaqui@gmail.com>, Administração Geral <administracao@realcelebration.com>, Administração Metropolitan <adm.condominiodometropolitan@gmail.com>, Administracao Personnalisee <administracao@personnalisee.com.br>, "administracao.tropical@gmail.com" <administracao.tropical@gmail.com>, "administracao@realcelebration.com.br" <administracao@realcelebration.com.br>, "Administrativa@residencialape.com.br" <Administrativa@residencialape.com.br>, "administrativo1@novaadministradora.com.br" <administrativo1@novaadministradora.com.br>, Admir Alcântara Faria <admir.faria@gmail.com>, "admrealquality@gmail.com" <admrealquality@gmail.com>, "admsmart@grupomobile.com.br" <admsmart@grupomobile.com.br>, Águas de Tambaú <tambau2007@gmail.com>, Airton Vieira Rodrigues <airton@contactasolucoes.com.br>, Alambrindes Arimatea <alambrindes@gmail.com>, Alan <cbdealmeida2010@gmail.com>, Albergue O Pharol <albergueopharol@gmail.com>, Alencar Cipriano missão vida <alencarevida@gmail.com>, Alessandra Alarcon <adm.smart@gruponobile.com.br>, Alessandro <alecoxjrl07fbdtt@smail.olx.com.br>, alex <vimarcservicos@ibest.com.br>, "alexandre@i9fit.com.br" <alexandre@i9fit.com.br>, Alice Flavia Bezerra Lima <alice_autoastral@hotmail.com>, Aline <aline.teixeira@grupogiga.com.br>, Alisson Silva <alisson1350@gmail.com>, Aluguel Rodrigues Imobiliária <aluguel@rodriguesimob.com.br>, Américo Brasil <americobrasil@gmail.com>, Ana Carolina Mazurok <carolmazurok@yahoo.com.br>, Ana Lucia Dafferner <analacabana@gmail.com>, Anderson Amaral <anderson_aamaral@globo.com>, anderson luz <andersonbugalu@hotmail.com>, Andre Augusto <andre.unyko@gmail.com>, André Salgado <condominiovianaturale@gmail.com>, "andressaalack@hotmail.com" <andressaalack@hotmail.com>, "ANDRESSALACK@hotmail.com" <ANDRESSALACK@hotmail.com>, Angela Pereira <angelapereira@gmail.com>, "annelwsn@outlook.com" <annelwsn@outlook.com>, Antonio Andre de Albuquerque Oliveira <antonio-andre.oliveira@caixa.gov.br>, antonio iranildo <escritoriomadison@gmail.com>, ANTONIO PIERRI JUNIOR <pierriapj@gmail.com>, "antonio_figueredo@hotmail.com" <antonio_figueredo@hotmail.com>, "antonio_fiqueredo@hotmail.com" <antonio_fiqueredo@hotmail.com>, "antonio.mangabera@ipeomni.com.br" <antonio.mangabera@ipeomni.com.br>, "antonio.mangabera@omnicon.com.br" <antonio.mangabera@omnicon.com.br>, "ariane.monteiro01@hotmail.com" <ariane.monteiro01@hotmail.com>, Arthur eduardo <lopeseduardo002@hotmail.com>, Assistente Via Terrazzo <viaterrazzo@gmail.com>, Atendimento Novo Horizonte <vendas1novohorizonte@gmail.com>, "atendimento@oneparkmall.com.br" <atendimento@oneparkmall.com.br>, Atlântico Sul <atlantico34sul@gmail.com>, Auxiliar Administrativo Mirante Club <admmiranteclub@gmail.com>, Aveiro residencial <condresidencialaveiro@gmail.com>, "avila_itacare@yahoo.com.br" <avila_itacare@yahoo.com.br>, Bella Fiore Residencial <bellafioreresidencial@gmail.com>, "bosco2806@yahoo.com.br" <bosco2806@yahoo.com.br>, BOULEVARD DAS PALMEIRAS <boulevard.palmeiras@gmail.com>, Bruno Alciney <brunodf89@hotmail.com>, Bruno Assis <brunoassis199@hotmail.com>, bruno costa <azevedocosta.bruno@gmail.com>, Bruno Mendes <brunomcorreia@gmail.com>, Bruno Okubo <brunookubo4@gmail.com>, Bruno Souza <brunoubs@gmail.com>, Bruno Vasconcelos <uptown18norte@gmail.com>, Carla Quadros <pousada@sitioparaiso.tur.br>, carlos andre vitorino diniz <carlosvittorino@hotmail.com>, Carlos Henrique <carloshenrique_45@hotmail.com>, "carlosprime49@gmail.com" <carlosprime49@gmail.com>, Carmen Dias <pousadasereiadouradaitacare@gmail.com>, Carmesia Karina Villa Saraiva <carmesia.saraiva@capes.gov.br>, Catarina <adm@condominiosmartresidence.com.br>, Central Aten&Assessoria Remota- AE Varejo <aevarejo@santander.com.br>, Central Park <centralpark.residencial@gmail.com>, "centralparkaguasclaras@gmail.com" <centralparkaguasclaras@gmail.com>, "cesar.de" <cesar.de@uol.com.br>, Charles Beckman <cbeckman14@gmail.com>, Ciro Barreto de Matos <cirobmatos@gmail.com>, "claudecisales@hotmail.com" <claudecisales@hotmail.com>, "claudernandes2011@hotmail.com" <claudernandes2011@hotmail.com>, CLAUDIA LIMA <claudia.aeler@hotmail.com>, "claudia@topconstrutora.com.br" <claudia@topconstrutora.com.br>, "claudio.leo.brito@hotmail.com" <claudio.leo.brito@hotmail.com>, "claudioviaclub@hotmail.com" <claudioviaclub@hotmail.com>, "cleberm@eletrobras.com" <cleberm@eletrobras.com>, Cleison Pereira <cleison.majestic1@gmail.com>, Companypropaganda <companypropaganda10@gmail.com>, "comprasbrtebras@br-petrobras.com.br" <comprasbrtebras@br-petrobras.com.br>, "Cond. Ed. Macauba" <condominiomacauba@gmail.com>, "Cond. Solar Montparnasse Edifício" <cond.montparnasse@hotmail.com>, "cond.rivieradelfiori@gmail.com" <cond.rivieradelfiori@gmail.com>, "cond.wave" <cond.wave@gmail.com>, "condj215norte@gmail.com" <condj215norte@gmail.com>, Condomínio All <condominioall@gmail.com>, Condomínio Antares Club Residence <residencialantaresclub@gmail.com>, Condomínio Atlântida <atlantida.bsb@gmail.com>, Condominio Bougainville <cbougainville@gmail.com>, Condomínio Costa Verde <condcostaverdedf@gmail.com>, Condomínio do Edificio Villa Lucci <cond.vlucci@hotmail.com>, Condomínio Ed Monet <cond.ed.monet@gmail.com>, Condomínio Edifício Beatriz Edifício Beatriz <edificio.beatriz@gmail.com>, Condominio Harpia <cond.harpia@gmail.com>, condominio icaro Icaro <edificioicaro@gmail.com>, condominio imprensa <condominioimprensa@gmail.com>, CONDOMÍNIO LE GRAND VALLE Valle <condominiolegrandvalle@gmail.com>, Condominio Le Ville <condominiolevilleresidence@gmail.com>, Condomínio Marcílio Dias <Condominiomarciliodias@gmail.com>, Condomínio Matisse <suportematisse@gmail.com>, Condomínio Privilege Residence <hmoreira.condominio@gmail.com>, Condomínio Residencial Imprensa II <admresidencialimprensaii@gmail.com>, Condomínio Residencial Osmar Castanho <croc.net.br@gmail.com>, Condomínio Residencial Plaza das Águas <residencialplazadasaguas@gmail.com>, Condomínio Residencial Rio Negro Rio Negro <residencial.rionegro@gmail.com>, Condomínio Residencial Rivoli <condominiorivoli@gmail.com>, Condomínio Residencial Supremo <cond.supremo@gmail.com>, Condominio Riviera <condominiorivieradeifiori@gmail.com>, condominio saphira Saphira <Condominiosaphira@gmail.com>, Condomínio Via Majestic <sindicoviamajestic@gmail.com>, condominio yes <ad.condominioyes@gmail.com>, "Condominio_costaazul@yahoo.com.br" <Condominio_costaazul@yahoo.com.br>, "Condominio.atrium@yahoo.com" <Condominio.atrium@yahoo.com>, "Condominio.atrium@yahoo.com.br" <Condominio.atrium@yahoo.com.br>, "condominio.erikamuniz@gmail.com" <condominio.erikamuniz@gmail.com>, "condominio.michigan@gmail.com" <condominio.michigan@gmail.com>, "Condominio.portaldosgirassois@gmail.com" <Condominio.portaldosgirassois@gmail.com>, "Condominio.portalgirassois@gmail.com" <Condominio.portalgirassois@gmail.com>, condominioipanema <condominioipanema@gmail.com>, "condominiolevilleresidence@gmail.com.br" <condominiolevilleresidence@gmail.com.br>, "condominiolevilleresidence@mail.com.br" <condominiolevilleresidence@mail.com.br>, "condominiomaestri@gmail.com" <condominiomaestri@gmail.com>, "Condominiomichigan@gmail.com" <Condominiomichigan@gmail.com>, "CONDOMINIOMONTEVERDE@hotmail.com" <CONDOMINIOMONTEVERDE@hotmail.com>, "condominiopunta@gmail.com" <condominiopunta@gmail.com>, "condominiorealquality@gmail.com" <condominiorealquality@gmail.com>, condominioresidencialape <Sindico@residencialape.com.br>, "condominiorhodes@hotmail.com" <condominiorhodes@hotmail.com>, "condominiorivieradelfiori@gmail.com" <condominiorivieradelfiori@gmail.com>, "condominiovillapavanelli@gmail.com" <condominiovillapavanelli@gmail.com>, "condominioviniciusresort@gmail.com" <condominioviniciusresort@gmail.com>, "conselhofiscal.vivace@gmail.com" <conselhofiscal.vivace@gmail.com>, "contabilidade@servcol.com.br" <contabilidade@servcol.com.br>, contacta <contacta@contactasolucoes.com.br>, "contas02@eliteservice.com.br" <contas02@eliteservice.com.br>, "CONTATO@TECSEGURANCA.NET" <contato@tecseguranca.net>, "costaverdedf@gmail.com" <costaverdedf@gmail.com>, Creuza Souza <creuzalsouza@gmail.com>, cristiano <cristianozaranza@yahoo.com.br>, cristiano cardoso <Cris.cardoso.sousa@gmail.com>, "cynthia.vilela@hotmail.com" <cynthia.vilela@hotmail.com>, Daniel Rodarte <deal.rodarte@gmail.com>, Danielle Américo <danielle.americo@thaisimobiliaria.com.br>, "Danila Medeiros | Ide@line" <danila@idealineweb.com.br>, Danilo Bigao <danilo.bigao@inovaport.com.br>, Danilo Martins <danilomartinsdf@gmail.com>, davi encarregado sagres <daviencarregadosagres@gmail.com>, Davidson Clynton <davidson.clynton@gmail.com>, davipc 321 <kadin10@gmail.com>, "davison.clynton@gmail.com" <davison.clynton@gmail.com>, "davison.clyton@gmai.com" <davison.clyton@gmai.com>, DAYSE PENA DOS REIS <penadosreis@gmail.com>, Deborah Cristina <sindeborahcristina@yahoo.com.br>, dedatec <jantomarl@gmail.com>, denise mariano castro <denisemarianocastro@gmail.com>, digitelinf <digitelinf@gmail.com>, "djalmar.assis@gmail.com" <djalmar.assis@gmail.com>, Djalmir Augusto de Assis <djalmir.assis@gmail.com>, Dodo silva <doloresilva@gmail.com>, Douglas braz de sousa <douglassousabraz1234@gmail.com>, Douglas Campos Cavalcante <cavalcante_douglas@yahoo.com.br>, Douglas' Teles <douglasteles@hotmail.com>, "eaz1.df@gmail.com" <eaz1.df@gmail.com>, "eaz1@gmail.com" <eaz1@gmail.com>, "ed.bouganville@gmail.com" <ed.bouganville@gmail.com>, "edbouganville@gmail.com" <edbouganville@gmail.com>, "edesio@bb.com.br" <edesio@bb.com.br>, "edesio10@globo.com" <edesio10@globo.com>, Edgard Lemos <villapavanelliadm@gmail.com>, EDIFÍCIO LORYS <edificiolorys@gmail.com>, Edifício Pirineus <condominiopirineus@gmail.com>, "edificioatenasadm@hotmail.com" <edificioatenasadm@hotmail.com>, "edificiopontobeatriz@gmail.com" <edificiopontobeatriz@gmail.com>, EDILMA SENA <edilmassena@gmail.com>, "edilmassena@gnail.com" <edilmassena@gnail.com>, "edson@afilho.com.br" <edson@afilho.com.br>, "edteresopolis@gmail.com" <edteresopolis@gmail.com>, Eduardo Bertozzi <Eduardobertozzi@gmail.com>, "efz1.df@gmail.com" <efz1.df@gmail.com>, ELIARDO BARBOSA XAVIER <eliardobx@hotmail.com>, "Elizetesilva-12@hotmail.com" <Elizetesilva-12@hotmail.com>, Embau Flat <embauflatitacare@gmail.com>, "encarregadoimprensa3@hotmail.com" <encarregadoimprensa3@hotmail.com>, "engarregadoimprensa3@hotmail.com" <engarregadoimprensa3@hotmail.com>, Enjoy Store <vendasonline.enjoy@gmail.com>, Érika Macêdo <erika.mcdo@gmail.com>, Estágio ETB <estagioetb@gmail.com>, Estampa Na Hora <estampanahora@gmail.com>, "estefania@nogueiraferreira.adv.br" <estefania@nogueiraferreira.adv.br>, Evandro Sakai <sakaimagazines@globo.com>, everson <vieira_everson@hotmail.com>, "ezenildojr@bb.com.br" <ezenildojr@bb.com.br>, Fábia Malta <fabia.malta@gmail.com>, fabiano77santos silva <fabiano77santos@gmail.com>, "fabiano77santos@gmaiil.com" <fabiano77santos@gmaiil.com>, "fabiano77sentos@gmail.com" <fabiano77sentos@gmail.com>, "fabianosampaio919@hotmail.com" <fabianosampaio919@hotmail.com>, Fabio - A2 <tecnico@a2-ip.com.br>, Fábio Corrêa <fabiotb3@gmail.com>, Fabyo veiga costa <fabyoveiga.alfa@hotmail.com>, "fchagasmelo@hotmail.com" <fchagasmelo@hotmail.com>, Felipe Porcelli <vendas.porcelli@gmail.com>, fernando <fernandomcell@hotmail.com>, Fernando Sobrinho <flasobrinho@gmail.com>, "fernando@brastechsolucoes.com.br" <fernando@brastechsolucoes.com.br>, Financeiro Conectiva <financeiro@conectivatelecom.com.br>, "financeiro.ncp@gruponobile.com.br" <financeiro.ncp@gruponobile.com.br>, "financeiro@ebac.com.br" <financeiro@ebac.com.br>, "financeiro@soltelecomunicacoes.com.br" <financeiro@soltelecomunicacoes.com.br>, "financeiro1@novaadministradora.com.br" <financeiro1@novaadministradora.com.br>, "flatcristina@hotmail.com" <flatcristina@hotmail.com>, "flatsnosushi@yahoo.com.br" <flatsnosushi@yahoo.com.br>, Flávio Ferreira <flavio.condominiomadison@gmail.com>, Flávio Ribeiro <sindico.metropolitan@gmail.com>, Flores do Ipê Condominio <floresdoipe@gmail.com>, Francisco <franciscoramoss@outlook.com.br>, Gabriel Martins <gabrieldesigner85@gmail.com>, "Gabriel-nunes2@hotmail.com" <Gabriel-nunes2@hotmail.com>, "gabriel.ramos@brb.com.br" <gabriel.ramos@brb.com.br>, Garden Village <gardenvillage1@gmail.com>, "geraldo@kitandadf.com.br" <geraldo@kitandadf.com.br>, giardino michelangelo <giardinomichelangelo@gmail.com>, "gilmar.neves@duportoalimentos.com.br" <gilmar.neves@duportoalimentos.com.br>, "gilmarneves14@gmail.com" <gilmarneves14@gmail.com>, "gilson.messias@gmail.com" <gilson.messias@gmail.com>, "girassolpousada@yahoo.com.br" <girassolpousada@yahoo.com.br>, Glaucio Balduino <glaucio06@gmail.com>, "gleison.majestic1@gmail.com" <gleison.majestic1@gmail.com>, GRACIANA AMARAL <residencialgracianaamaral@hotmail.com>, Guilherme Júnior <guisanjunior@gmail.com>, Harley Valadares <residencialfleury@gmail.com>, Heloisa Fortes <hefori@gmail.com>, "honor_sauberhg@hotmail.com" <honor_sauberhg@hotmail.com>, Hudson Soares <gnr.hudson@gmail.com>, Iara LIMA DO NASCIMENTO <edichamonix@gmail.com>, Irlene Freire Lima <irlenef.lima@gmail.com>, "isaac3459@hotmail.com" <isaac3459@hotmail.com>, Isac Apostolo <isacplaybas@gmail.com>, "ismael.queiros@gmail.com" <ismael.queiros@gmail.com>, "itacare@chelagarto.com" <itacare@chelagarto.com>, "jader.dantas@rofer.net.br" <jader.dantas@rofer.net.br>, Jair Campos <jairmcampos@gmail.com>, "jalesmachado2016@gmail.com" <jalesmachado2016@gmail.com>, janaynaparaizo <janaynaparaizo@hotmail.com>, Janyce Freire <janyce.freire@gmail.com>, "jc.faroclean@hotmail.com" <jc.faroclean@hotmail.com>, "jcristianobsb@gmail.com" <jcristianobsb@gmail.com>, "jcristianobsb@hotmail.com" <jcristianobsb@hotmail.com>, "jeane.cantanheide@ppa.com.br" <jeane.cantanheide@ppa.com.br>, "jeferson.viaclub@hotmail.com" <jeferson.viaclub@hotmail.com>, jefferson gomes <jeffersonviaclub@hotmail.com>, "jeffersonpazesurfe@hotmail.com" <jeffersonpazesurfe@hotmail.com>, Joao Felipe <joaomwt1jmwg3f6h@smail.bomnegocio.com>, joão tadeu oliveira de paula junior <joaotadeujr@gmail.com>, JOAO UEKITA <uekitajj@gmail.com>, "joao_e1cs@hotmail.com.br" <joao_e1cs@hotmail.com.br>, Joaquim Miguel <joaquim.miguelcn@gmail.com>, "Jociel05@hotmail.com" <Jociel05@hotmail.com>, "JONATATHAN@soltelecomunicacoes.com.br" <JONATATHAN@soltelecomunicacoes.com.br>, Jorge Oyapock <silvio@acasadosindico.com>, Jorge Oyapock <administrativodf@acasadosindico.com>, Jorge Oyapock <administrativo@acasadosindico.com>, "jorge@acasadosindico.com" <jorge@acasadosindico.com>, Jose Adriano Carvalho de Lima <jadrianobsb@gmail.com>, José Adriano Carvalho de Lima <jadrianobsb@hotmail.com>, jose caetano <caetano1951@yahoo.com.br>, "joyaguasclaras@gmail.com" <joyaguasclaras@gmail.com>, Juarez Junior <juarez.junior@thaisimobiliaria.com.br>, Júlia Santos - Horus - Financeiro <julia.cristina@horustelecom.com.br>, Julio Diniz <hwy-1@hotmail.com>, Junio Oliveira <junioo2003@yahoo.com.br>, Junior <sebastiaojjunior@yahoo.com.br>, "jurandi_moreira_maranhao@hotmail.com" <jurandi_moreira_maranhao@hotmail.com>, "jurandir_moreira_maranhao@hotmail.com" <jurandir_moreira_maranhao@hotmail.com>, "kaneladefogo@hotmail.com" <kaneladefogo@hotmail.com>, Karla Edith <karla.edith@gmail.com>, "katiabelmont@hotmail.com" <katiabelmont@hotmail.com>, Katlin Oliveira <katlin.mont@gmail.com>, Keiton Araujo <keiton2139@gmail.com>, Keni Costa Matos <keni.abrolhos@gmail.com>, Kênia Ribeiro <keniaribeiro@gmail.com>, "ketlin.sena@hotmail.com" <ketlin.sena@hotmail.com>, L'Essence Du Parc <lessenceduparc@gmail.com>, "laercio@casadopabx.com.br" <laercio@casadopabx.com.br>, Lais Bittencourt <laisetiquetas@gmail.com>, Leandro Paixao <leandroppersonal@gmail.com>, Léia Maia Rêgo <leiarego@gmail.com>, "leide@novaadministradora.com.br" <leide@novaadministradora.com.br>, leonardo alexsander <Leo.olavobilac@gmail.com>, Leonardo Conte <thomas.sartori@trigueirofontes.com.br>, Leonardo Conte <leonardo.conte@trigueirofontes.com.br>, Leonardo Conte <sindico@condominiosmartresidence.com.br>, Leonardo Lucena Caldas <leonardo.caldas@caixaseguros.com.br>, Leonardo Vaz <leonardovaz.df@gmail.com>, Ligeirinho dos Portões <ligeirinhodosportoes@gmail.com>, "liliane.pires" <LILIANE.PIRES@mundialatacadista.com.br>, LIONEZIA SOUZA OLIVEIRA <lionezia@hotmail.com>, lisa maria <marialisa101@gmail.com>, Loja Virtual WPCSISTEMAS <loja@wpcsistemas.com.br>, "luapar@bol.com.br" <luapar@bol.com.br>, "lucdant@yahoo.com.br" <lucdant@yahoo.com.br>, Luiz Octávio <luiz.tatico@terra.com.br>, LuizMarceloVM <luizmarcelovm@gmail.com>, Macro Contabilidade <macro.contabil@hotmail.com>, Madison Studio <residencialmadison@gmail.com>, Madison Studio Residence Service <atendimentomadison@gmail.com>, Majestic <sindico.majestic@gmail.com>, Manaca Flat <manacaflat@gmail.com>, "mançõesdoparque@gmail.com" <mançõesdoparque@gmail.com>, "mansoesdoparque@gmail.com" <mansoesdoparque@gmail.com>, Marcia Laila <marcia.secretariado2015@gmail.com>, Marcia Martins <marciamartins1914@hotmail.com>, Marco Aurélio Moreira <veloz.df@gmail.com>, Marco Mesquita <marcmesq41@gmail.com>, Marcos César Araújo <marcos.cesar1267@gmail.com>, Marcos gomes coelho <Condominiomiguelluiz@gmail.com>, Marcos Lopes <marcoslopesjp@hotmail.com>, marcos sousa <mirantedasaguas96@gmail.com>, Marcos Túlio Pereira <tuliomatbel@hotmail.com>, "marcosrp302a@gmail.com" <marcosrp302a@gmail.com>, "marcosrp302a@hotmail.com" <marcosrp302a@hotmail.com>, Maria Ines Camargo <Condominioipeamarelo2016@gmail.com>, Marileia Fernanda Olivieri Carvalho <marileiaolivieri@gmail.com>, Marina Dourado <ma.dourado86@gmail.com>, Mário Alves <marioalves.tec@gmail.com>, Marissa Monge <residencial.easy@hotmail.com>, Markus Paulo <markus@bestbuyseguros.com.br>, "marlucevitoria@hotmail.com" <marlucevitoria@hotmail.com>, Maroni Soares Barros <maronifortes@hotmail.com>, "marysonmartan@gmail.com" <marysonmartan@gmail.com>, Massimo Tomeo <residenzialcariocare@gmail.com>, Mateus Coelho <mateuscoelho363@gmail.com>, "matheus.gomes@colegiopolivalente.com.br" <matheus.gomes@colegiopolivalente.com.br>, Max Home & Mall <adm.maxhomemall@gruponobile.com.br>, "merceferreirasantos@hotmail.com" <merceferreirasantos@hotmail.com>, "mercesferreirasantos@hotmail.com" <mercesferreirasantos@hotmail.com>, Meryson Martan <merysonmartan@gmail.com>, "messesferreirasantos@hotmail.com" <messesferreirasantos@hotmail.com>, "mgroberio@hotmail.com" <mgroberio@hotmail.com>, Mirante Club <condominiomiranteclub@gmail.com>, Mirante do Bosque <mirantedobosque2012@gmail.com>, Mirante Park <mirantepark@outlook.com>, "mireis77@yahoo.com.br" <mireis77@yahoo.com.br>, Miriam Vasconcellos <miriam.vasconcellos47@gmail.com>, "miruribeiro@hotmail.com" <miruribeiro@hotmail.com>, Modern Life Residencial <residencialmodernlife@gmail.com>, Morada Parque <moradadoparque2675@gmail.com>, MP Letreiros <impressao10@gmail.com>, "nadia.goncalves@cygnusimoveis.com.br" <nadia.goncalves@cygnusimoveis.com.br>, Nailda Sousa dos Santos <naildasousadossantos@gmail.com>, "naiseveludo@hotmail.com" <naiseveludo@hotmail.com>, "nataliavalois@yahoo.com.br" <nataliavalois@yahoo.com.br>, nathalie nobre <nathnobre@gmail.com>, Nathallia Costa <sindica.luiza2@gmail.com>, "nazza400@hotmail.com" <nazza400@hotmail.com>, NO STRESS NOSTRESSFLAT <nostressflat@gmail.com>, Normando ANDRADE JUNIOR <juniormed04@gmail.com>, Odnneya Cintya Bandeira Bonfim Segundo <cintyabelinha@hotmail.com>, Olha Brasilia <conectivatelecom@hotmail.com>, Osmar Costa José <adm.osmarcosta@gmail.com>, "patrimonio@cleanservicedf.com.br" <patrimonio@cleanservicedf.com.br>, "paulo.pietroluongo@terra.com.br" <paulo.pietroluongo@terra.com.br>, "pchiaratto@yahoo.com" <pchiaratto@yahoo.com>, "pchiaratto@yahoo.com.br" <pchiaratto@yahoo.com.br>, Pedro José Santos <pedrojs71@gmail.com>, Pedro Lucas <welitonvidal@yahoo.com.br>, Pedro Rodrigues <silvarodrigues03@gmail.com>, Philipe <philipepnm@gmail.com>, "piazzadoro@bol.com.br" <piazzadoro@bol.com.br>, "piazzadoro1@gmail.com" <piazzadoro1@gmail.com>, "pinheiro_rt@bol.com.br" <pinheiro_rt@bol.com.br>, Plaza Ceilândia <plazaceilandia@gmail.com>, Portal das Hortênsias <portaldashortensias@gmail.com>, "portobelosamambaia@yahoo.com.br" <portobelosamambaia@yahoo.com.br>, "proposta@maisonesmeralda.com.br" <proposta@maisonesmeralda.com.br>, "ptioze@hotmail.com" <ptioze@hotmail.com>, Rafael Henrique Gomes Machado <rafael.pensar@gmail.com>, Rafael Menezes <rafaelmenezes86@gmail.com>, Rafaelbarreto1986 <rafaelbarreto1986@hotmail.com>, ramos jane <locmaqlugar@gmail.com>, "realcelebration@gmail.com" <realcelebration@gmail.com>, renan cavalcante <renancsl@hotmail.com>, "renato.cardosomachado@yahoo.com.br" <renato.cardosomachado@yahoo.com.br>, Res San Lorenzo <sanlorenzo@ig.com.br>, "Res. Vivian Valois" <res.vivianvalois@gmail.com>, "reservas@dolcevitavillage.com.br" <reservas@dolcevitavillage.com.br>, Resid Solimoes <res.solimoes.df@gmail.com>, "Resid. Munich" <munich104@gmail.com>, "residecialantaresclub@gmail.com" <residecialantaresclub@gmail.com>, Residencial CentralPark - Águas Claras <centralpark.aguasclaras@gmail.com>, Residencial CentralPark - Águas Claras <centralpark.aguasclaras@hotmail.com>, residencial lirios <condomliriosdocampo@gmail.com>, residencial matheus <residencialmatheus@gmail.com>, Residencial Orquideas Orquideas <residencial.orquideas@gmail.com>, Residencial Parque das Águias <parquedasaguias@gmail.com>, Residencial Pau Brasil <residencialpaubrasil@gmail.com>, Residencial Rafaela <residencialrafaela@gmail.com>, Residencial Rosely Gonçalves <residencialroselygoncalves@gmail.com>, Residencial Sublime <Res.sublime@gmail.com>, "residencial.juriti@gmail.com" <residencial.juriti@gmail.com>, "Residencial.mcm@gmail.com" <Residencial.mcm@gmail.com>, "residencial.rionegro@gmail.com" <info@infoaxe.net>, "residencialape@gmail.com" <residencialape@gmail.com>, "residencialmadson@gmail.com" <residencialmadson@gmail.com>, "residencialmilenabqui@gmail.com" <residencialmilenabqui@gmail.com>, "residencialnoblesse@hotmail.com" <residencialnoblesse@hotmail.com>, "residencialparqueaguasclaras@gmail.com" <residencialparqueaguasclaras@gmail.com>, "residencialpaubrasil@hotmail.com" <residencialpaubrasil@hotmail.com>, "residencialvitoria.204@hotmail.com" <residencialvitoria.204@hotmail.com>, "residencialvitoria204@hotmail.com" <residencialvitoria204@hotmail.com>, "resisdencialfirenze2016@gmail.com" <resisdencialfirenze2016@gmail.com>, Ricardo D'Angelo <dgo073@hotmail.com>, Ricardo Rosa <anjos.ricardo@gmail.com>, rita de cassia dos santos almeida <Rita.calmeida@hotmail.com>, "ritac.almeida@hotmail.com" <ritac.almeida@hotmail.com>, RIVA ANDRADE Andrade <smpwriva@gmail.com>, Rodrigo Perin Fernandes <rperin4@gmail.com>, "rodrigo@polimarcas.com.br" <rodrigo@polimarcas.com.br>, Ronaldo Guimaraes <guimaronaldo@gmail.com>, Rone Oliveira <goperacional.ncp@gruponobile.com.br>, "rosangelaesteves144@hotmail.com" <rosangelaesteves144@hotmail.com>, ROSANIA FERNANDES <Rosaniamurada@gmail.com>, Rosiane Pinheiro <encarregada.smart@gmail.com>, rosivan gomes <rosivan_cont@hotmail.com>, Rossana Bechara <robechara1@gmail.com>, "rourobranco@gmail.com" <rourobranco@gmail.com>, Rubens Santos <adm1@grupofederalservice.com.br>, sagitarius resort <sagitarius.resort@gmail.com>, Sagres Residencial <residencialsagres@gmail.com>, samarion ribeiro <samarion.rs@gmail.com>, "Sandro Augusto Dias (P)" <sdias@prservicos.com.br>, Sebastião Salviano <sebastiao.salviano@grupogiga.com.br>, sertanejas das boas <piushop.piushop@hotmail.com>, "Silhaaarf@gmail.com" <Silhaaarf@gmail.com>, "Silvanybcarvalho@ig.com.br" <Silvanybcarvalho@ig.com.br>, simonny goudinho <contabilpatrimonio@gmail.com>, Síndico AVANT <sindicoavant@gmail.com>, Sindico personnalisee <sindico@personnalisee.com.br>, Sindico SUB SINDICO <evolution.sindico@gmail.com>, "sindico@greenparkcenter.com" <sindico@greenparkcenter.com>, "sindico@realcelebration.com" <sindico@realcelebration.com>, "Sindico@residencialape.com" <Sindico@residencialape.com>, "sindico3740@gmail.com" <sindico3740@gmail.com>, "sindicoimprensa3@hotmail.com" <sindicoimprensa3@hotmail.com>, "sindicoimprensa3@hotmail.com.br" <sindicoimprensa3@hotmail.com.br>, SOLTELECOM <workflow@soltelecomunicacoes.com.br>, "Souzagouveia@hotmail.com" <Souzagouveia@hotmail.com>, Spazio Bella Vita <spaziobv@gmail.com>, SUBLIME MIRANTE RESIDENCE CONDOMINIO <condsublimemiranteresidence@gmail.com>, Suzana Castro <sindicailhadesicilia@gmail.com>, Tainá Brigo Pereira <tpereira@dualtec.com.br>, Thiago Alves <thiagoalves.suprema@gmail.com>, Tiago Gaspar - Magnesat Distribuidora <tiago@magnesat.com.br>, "tieresidencial@gmail.com" <tieresidencial@gmail.com>, Valdemar Gazeta <valdemargazeta@gmail.com>, valmir Graciano <valmir.gracyano@gmail.com>, Vander Baldo <vanderpaladium@bol.com.br>, Via Club <admviaclub@gmail.com>, VIA PARADISO <viaparadisomoradores@gmail.com>, "vilalorenza@gmail.com" <vilalorenza@gmail.com>, villa do sol <villadosolitacare@gmail.com>, Villa Mateus <villamateus.adm@gmail.com>, "villadicaprisindico@yahoo.com.br" <villadicaprisindico@yahoo.com.br>, "villagemanaca1@gmail.com" <villagemanaca1@gmail.com>, Vinicius Resende <vinicius.resende@soltelecomunicacoes.com.br>, "viniciusresort@gmail.com" <viniciusresort@gmail.com>, "viniciuszanettidf@yahoo.com.br" <viniciuszanettidf@yahoo.com.br>, vitali Arquitetura de lazer <vitali.arq.lazer@gmail.com>, Vivaldi Moreira <residencialvivaldimoreira@gmail.com>, Walter Campos Júnior <walter.camposjunior@gmail.com>, Walter Rodrigues <walter104fm@gmail.com>, Werbson <werbson@condominiosmartresidence.com.br>, Werbson <auxiliar@condominiosmartresidence.com.br>, Wesley Camargo <wesleybatista@yahoo.com.br>, Wilton Santos <wiltonsantos@gmail.com>